Filename, RDD, TF, Size, Dynamic-runtime, Dynamic-tardiness, Approx-e=0.1-runtime, Approx-e=0.1-tardiness, Approx-e=0.2-runtime, Approx-e=0.2-tardiness, Approx-e=0.3-runtime, Approx-e=0.3-tardiness, Greedy-runtime, Greedy-tardiness, BestFirst-runtime, BestFirst-tardiness
random_RDD=0.2_TF=0.2_#5.dat, 0.2, 0.2, 5, 0, 44, 10, 44, 10, 44, 10, 44, 0, 44, 0, 44
random_RDD=0.2_TF=0.2_#10.dat, 0.2, 0.2, 10, 0, 74, 0, 74, 0, 74, 0, 74, 0, 74, 6601, 74
random_RDD=0.2_TF=0.2_#15.dat, 0.2, 0.2, 15, 15, 60, 15, 60, 15, 60, 15, 60, 0, 60, NaN, NaN
random_RDD=0.2_TF=0.2_#20.dat, 0.2, 0.2, 20, 16, 236, 0, 236, 0, 236, 16, 236, 0, 528, NaN, NaN
random_RDD=0.2_TF=0.2_#25.dat, 0.2, 0.2, 25, 0, 322, 10, 322, 10, 322, 10, 322, 0, 322, NaN, NaN
random_RDD=0.2_TF=0.2_#30.dat, 0.2, 0.2, 30, 31, 339, 47, 339, 31, 339, 47, 339, 0, 504, NaN, NaN
random_RDD=0.2_TF=0.2_#35.dat, 0.2, 0.2, 35, 60, 434, 101, 434, 85, 434, 101, 434, 0, 636, NaN, NaN
random_RDD=0.2_TF=0.2_#40.dat, 0.2, 0.2, 40, 15, 433, 31, 433, 31, 433, 31, 433, 0, 542, NaN, NaN
random_RDD=0.2_TF=0.2_#45.dat, 0.2, 0.2, 45, 60, 653, 60, 653, 60, 653, 75, 653, 0, 877, NaN, NaN
random_RDD=0.2_TF=0.2_#50.dat, 0.2, 0.2, 50, 78, 599, 80, 599, 80, 599, 63, 599, 0, 846, NaN, NaN
random_RDD=0.2_TF=0.2_#55.dat, 0.2, 0.2, 55, 543, 625, 1012, 625, 981, 625, 966, 625, 0, 1040, NaN, NaN
random_RDD=0.2_TF=0.2_#60.dat, 0.2, 0.2, 60, 558, 865, 757, 865, 742, 865, 816, 865, 0, 1079, NaN, NaN
random_RDD=0.2_TF=0.2_#65.dat, 0.2, 0.2, 65, 3546, 1068, 4466, 1068, 4398, 1068, 5034, 1068, 0, 1424, NaN, NaN
random_RDD=0.2_TF=0.2_#70.dat, 0.2, 0.2, 70, 2339, 1086, 3791, 1086, 3776, 1086, 3522, 1086, 0, 1329, NaN, NaN
random_RDD=0.2_TF=0.2_#75.dat, 0.2, 0.2, 75, 1510, 1252, 2138, 1252, 2106, 1252, 2220, 1252, 16, 2073, NaN, NaN
random_RDD=0.2_TF=0.2_#80.dat, 0.2, 0.2, 80, 5616, 1770, 9542, 1770, 9662, 1770, 9503, 1770, 0, 2995, NaN, NaN
random_RDD=0.2_TF=0.4_#5.dat, 0.2, 0.4, 5, 0, 198, 0, 198, 0, 198, 0, 198, 0, 203, 0, 198
random_RDD=0.2_TF=0.4_#10.dat, 0.2, 0.4, 10, 0, 216, 0, 216, 0, 216, 0, 216, 0, 484, 4426, 216
random_RDD=0.2_TF=0.4_#15.dat, 0.2, 0.4, 15, 0, 654, 0, 654, 0, 654, 0, 654, 0, 841, NaN, NaN
random_RDD=0.2_TF=0.4_#20.dat, 0.2, 0.4, 20, 0, 1066, 0, 1067, 0, 1067, 0, 1067, 0, 2294, NaN, NaN
random_RDD=0.2_TF=0.4_#25.dat, 0.2, 0.4, 25, 0, 1148, 0, 1148, 0, 1148, 0, 1148, 0, 1808, NaN, NaN
random_RDD=0.2_TF=0.4_#30.dat, 0.2, 0.4, 30, 0, 1183, 15, 1183, 15, 1183, 15, 1183, 0, 2536, NaN, NaN
random_RDD=0.2_TF=0.4_#35.dat, 0.2, 0.4, 35, 0, 2698, 16, 2698, 16, 2698, 16, 2701, 0, 4093, NaN, NaN
random_RDD=0.2_TF=0.4_#40.dat, 0.2, 0.4, 40, 23, 3475, 39, 3475, 39, 3475, 150, 3475, 0, 5818, NaN, NaN
random_RDD=0.2_TF=0.4_#45.dat, 0.2, 0.4, 45, 66, 3860, 82, 3860, 66, 3860, 66, 3863, 0, 5629, NaN, NaN
random_RDD=0.2_TF=0.4_#50.dat, 0.2, 0.4, 50, 176, 4986, 288, 4986, 288, 4986, 298, 4986, 0, 7145, NaN, NaN
random_RDD=0.2_TF=0.4_#55.dat, 0.2, 0.4, 55, 139, 6295, 201, 6295, 201, 6295, 217, 6298, 0, 10467, NaN, NaN
random_RDD=0.2_TF=0.4_#60.dat, 0.2, 0.4, 60, 972, 7098, 1281, 7098, 1196, 7098, 1165, 7098, 0, 10792, NaN, NaN
random_RDD=0.2_TF=0.4_#65.dat, 0.2, 0.4, 65, 1561, 8743, 1998, 8743, 1998, 8743, 1973, 8743, 0, 13323, NaN, NaN
random_RDD=0.2_TF=0.4_#70.dat, 0.2, 0.4, 70, 5526, 9468, 11309, 9468, 11218, 9468, 11234, 9468, 0, 18690, NaN, NaN
random_RDD=0.2_TF=0.4_#75.dat, 0.2, 0.4, 75, 4479, 10596, 6346, 10596, 6086, 10596, 6362, 10596, 0, 15153, NaN, NaN
random_RDD=0.2_TF=0.4_#80.dat, 0.2, 0.4, 80, 11098, 13727, 20933, 13727, 18578, 13727, 19043, 13730, 0, 23320, NaN, NaN
random_RDD=0.2_TF=0.6_#5.dat, 0.2, 0.6, 5, 0, 140, 0, 140, 0, 140, 0, 140, 0, 247, 0, 140
random_RDD=0.2_TF=0.6_#10.dat, 0.2, 0.6, 10, 0, 889, 0, 889, 0, 889, 0, 889, 0, 1038, 5318, 889
random_RDD=0.2_TF=0.6_#15.dat, 0.2, 0.6, 15, 0, 1200, 0, 1201, 0, 1201, 0, 1201, 0, 1918, NaN, NaN
random_RDD=0.2_TF=0.6_#20.dat, 0.2, 0.6, 20, 0, 1570, 0, 1570, 0, 1570, 0, 1575, 0, 3317, NaN, NaN
random_RDD=0.2_TF=0.6_#25.dat, 0.2, 0.6, 25, 0, 2903, 0, 2903, 0, 2903, 0, 2903, 0, 4725, NaN, NaN
random_RDD=0.2_TF=0.6_#30.dat, 0.2, 0.6, 30, 0, 5043, 0, 5043, 0, 5043, 0, 5043, 0, 8621, NaN, NaN
random_RDD=0.2_TF=0.6_#35.dat, 0.2, 0.6, 35, 0, 6999, 15, 6999, 15, 7004, 15, 7004, 0, 12340, NaN, NaN
random_RDD=0.2_TF=0.6_#40.dat, 0.2, 0.6, 40, 16, 10476, 28, 10476, 28, 10476, 28, 10476, 0, 17134, NaN, NaN
random_RDD=0.2_TF=0.6_#45.dat, 0.2, 0.6, 45, 66, 10957, 82, 10962, 82, 10962, 98, 10962, 0, 19303, NaN, NaN
random_RDD=0.2_TF=0.6_#50.dat, 0.2, 0.6, 50, 56, 12814, 87, 12814, 72, 12814, 87, 12814, 0, 20804, NaN, NaN
random_RDD=0.2_TF=0.6_#55.dat, 0.2, 0.6, 55, 61, 16069, 76, 16069, 76, 16069, 76, 16069, 0, 22140, NaN, NaN
random_RDD=0.2_TF=0.6_#60.dat, 0.2, 0.6, 60, 346, 20883, 526, 20883, 541, 20883, 541, 20883, 0, 30969, NaN, NaN
random_RDD=0.2_TF=0.6_#65.dat, 0.2, 0.6, 65, 545, 20665, 767, 20665, 842, 20669, 751, 20669, 0, 32287, NaN, NaN
random_RDD=0.2_TF=0.6_#70.dat, 0.2, 0.6, 70, 2208, 22136, 2832, 22136, 3361, 22136, 2864, 22136, 0, 44392, NaN, NaN
random_RDD=0.2_TF=0.6_#75.dat, 0.2, 0.6, 75, 1686, 31566, 2911, 31566, 2849, 31566, 2958, 31582, 0, 48694, NaN, NaN
random_RDD=0.2_TF=0.6_#80.dat, 0.2, 0.6, 80, 1359, 32477, 2178, 32478, 2230, 32478, 2100, 32478, 0, 52211, NaN, NaN
random_RDD=0.2_TF=0.8_#5.dat, 0.2, 0.8, 5, 0, 396, 0, 396, 0, 396, 0, 396, 0, 607, 0, 396
random_RDD=0.2_TF=0.8_#10.dat, 0.2, 0.8, 10, 0, 1569, 0, 1569, 0, 1569, 0, 1569, 0, 2029, 5649, 1569
random_RDD=0.2_TF=0.8_#15.dat, 0.2, 0.8, 15, 0, 2590, 0, 2590, 0, 2590, 0, 2590, 0, 3523, NaN, NaN
random_RDD=0.2_TF=0.8_#20.dat, 0.2, 0.8, 20, 0, 4999, 0, 4999, 0, 4999, 0, 5002, 0, 7529, NaN, NaN
random_RDD=0.2_TF=0.8_#25.dat, 0.2, 0.8, 25, 0, 5896, 0, 5896, 0, 5896, 0, 5896, 0, 8933, NaN, NaN
random_RDD=0.2_TF=0.8_#30.dat, 0.2, 0.8, 30, 0, 13769, 0, 13771, 0, 13771, 0, 13771, 0, 17167, NaN, NaN
random_RDD=0.2_TF=0.8_#35.dat, 0.2, 0.8, 35, 15, 10768, 15, 10768, 15, 10768, 15, 10768, 0, 19493, NaN, NaN
random_RDD=0.2_TF=0.8_#40.dat, 0.2, 0.8, 40, 0, 16005, 16, 16005, 16, 16005, 16, 16007, 0, 29078, NaN, NaN
random_RDD=0.2_TF=0.8_#45.dat, 0.2, 0.8, 45, 16, 23477, 16, 23477, 16, 23477, 16, 23477, 0, 36111, NaN, NaN
random_RDD=0.2_TF=0.8_#50.dat, 0.2, 0.8, 50, 15, 25834, 28, 25835, 28, 25835, 28, 25835, 0, 38607, NaN, NaN
random_RDD=0.2_TF=0.8_#55.dat, 0.2, 0.8, 55, 57, 37149, 123, 37149, 123, 37149, 103, 37150, 0, 58550, NaN, NaN
random_RDD=0.2_TF=0.8_#60.dat, 0.2, 0.8, 60, 47, 36349, 62, 36349, 62, 36349, 62, 36349, 0, 58136, NaN, NaN
random_RDD=0.2_TF=0.8_#65.dat, 0.2, 0.8, 65, 75, 47499, 106, 47499, 106, 47502, 122, 47510, 0, 74719, NaN, NaN
random_RDD=0.2_TF=0.8_#70.dat, 0.2, 0.8, 70, 253, 42997, 423, 42997, 376, 43003, 407, 43003, 0, 77056, NaN, NaN
random_RDD=0.2_TF=0.8_#75.dat, 0.2, 0.8, 75, 73, 54048, 104, 54048, 104, 54048, 104, 54048, 0, 81979, NaN, NaN
random_RDD=0.2_TF=0.8_#80.dat, 0.2, 0.8, 80, 379, 62435, 605, 62436, 690, 62436, 737, 62436, 0, 98265, NaN, NaN
random_RDD=0.2_TF=1.0_#5.dat, 0.2, 1.0, 5, 0, 419, 0, 419, 0, 419, 0, 419, 0, 546, 0, 419
random_RDD=0.2_TF=1.0_#10.dat, 0.2, 1.0, 10, 0, 1921, 0, 1921, 0, 1921, 0, 1921, 0, 2715, 5451, 1921
random_RDD=0.2_TF=1.0_#15.dat, 0.2, 1.0, 15, 0, 3944, 0, 3944, 0, 3944, 0, 3946, 0, 6022, NaN, NaN
random_RDD=0.2_TF=1.0_#20.dat, 0.2, 1.0, 20, 0, 7032, 0, 7032, 0, 7032, 0, 7032, 0, 9947, NaN, NaN
random_RDD=0.2_TF=1.0_#25.dat, 0.2, 1.0, 25, 0, 11344, 0, 11344, 0, 11344, 0, 11344, 0, 15109, NaN, NaN
random_RDD=0.2_TF=1.0_#30.dat, 0.2, 1.0, 30, 0, 12864, 0, 12864, 0, 12864, 0, 12864, 0, 21418, NaN, NaN
random_RDD=0.2_TF=1.0_#35.dat, 0.2, 1.0, 35, 0, 22558, 0, 22558, 0, 22558, 0, 22558, 0, 28298, NaN, NaN
random_RDD=0.2_TF=1.0_#40.dat, 0.2, 1.0, 40, 0, 33256, 0, 33256, 0, 33256, 0, 33256, 0, 46494, NaN, NaN
random_RDD=0.2_TF=1.0_#45.dat, 0.2, 1.0, 45, 0, 36891, 0, 36891, 0, 36891, 0, 36891, 0, 52120, NaN, NaN
random_RDD=0.2_TF=1.0_#50.dat, 0.2, 1.0, 50, 0, 43331, 0, 43331, 0, 43331, 0, 43331, 0, 65372, NaN, NaN
random_RDD=0.2_TF=1.0_#55.dat, 0.2, 1.0, 55, 0, 53067, 15, 53067, 15, 53067, 15, 53067, 0, 80156, NaN, NaN
random_RDD=0.2_TF=1.0_#60.dat, 0.2, 1.0, 60, 0, 47152, 0, 47152, 0, 47152, 0, 47153, 0, 75331, NaN, NaN
random_RDD=0.2_TF=1.0_#65.dat, 0.2, 1.0, 65, 0, 77220, 0, 77220, 0, 77220, 0, 77220, 0, 115588, NaN, NaN
random_RDD=0.2_TF=1.0_#70.dat, 0.2, 1.0, 70, 0, 87288, 0, 87288, 0, 87288, 0, 87288, 0, 124285, NaN, NaN
random_RDD=0.2_TF=1.0_#75.dat, 0.2, 1.0, 75, 0, 84307, 0, 84307, 0, 84309, 0, 84309, 0, 128269, NaN, NaN
random_RDD=0.2_TF=1.0_#80.dat, 0.2, 1.0, 80, 0, 114361, 0, 114361, 0, 114361, 0, 114372, 0, 173268, NaN, NaN
random_RDD=0.4_TF=0.2_#5.dat, 0.4, 0.2, 5, 0, 45, 0, 45, 0, 45, 0, 45, 0, 47, 0, 45
random_RDD=0.4_TF=0.2_#10.dat, 0.4, 0.2, 10, 0, 52, 0, 52, 0, 52, 0, 52, 0, 52, 3950, 52
random_RDD=0.4_TF=0.2_#15.dat, 0.4, 0.2, 15, 0, 24, 0, 24, 0, 24, 0, 24, 0, 27, NaN, NaN
random_RDD=0.4_TF=0.2_#20.dat, 0.4, 0.2, 20, 0, 24, 0, 24, 0, 24, 0, 24, 0, 26, NaN, NaN
random_RDD=0.4_TF=0.2_#25.dat, 0.4, 0.2, 25, 0, 57, 0, 57, 0, 57, 0, 57, 0, 57, NaN, NaN
random_RDD=0.4_TF=0.2_#30.dat, 0.4, 0.2, 30, 0, 223, 0, 223, 0, 223, 0, 224, 0, 283, NaN, NaN
random_RDD=0.4_TF=0.2_#35.dat, 0.4, 0.2, 35, 12, 14, 12, 14, 0, 14, 12, 14, 0, 14, NaN, NaN
random_RDD=0.4_TF=0.2_#40.dat, 0.4, 0.2, 40, 26, 8, 26, 8, 26, 8, 26, 8, 0, 8, NaN, NaN
random_RDD=0.4_TF=0.2_#45.dat, 0.4, 0.2, 45, 78, 9, 107, 9, 107, 9, 122, 9, 0, 9, NaN, NaN
random_RDD=0.4_TF=0.2_#50.dat, 0.4, 0.2, 50, 47, 46, 63, 46, 63, 46, 63, 46, 0, 46, NaN, NaN
random_RDD=0.4_TF=0.2_#55.dat, 0.4, 0.2, 55, 397, 36, 590, 36, 590, 36, 559, 36, 0, 49, NaN, NaN
random_RDD=0.4_TF=0.2_#60.dat, 0.4, 0.2, 60, 501, 12, 633, 12, 679, 12, 648, 12, 0, 12, NaN, NaN
random_RDD=0.4_TF=0.2_#65.dat, 0.4, 0.2, 65, 2227, 82, 4993, 82, 4932, 82, 4476, 82, 0, 106, NaN, NaN
random_RDD=0.4_TF=0.2_#70.dat, 0.4, 0.2, 70, 1995, 5, 2427, 5, 2506, 5, 2750, 5, 0, 5, NaN, NaN
random_RDD=0.4_TF=0.2_#75.dat, 0.4, 0.2, 75, 2059, 52, 4001, 52, 4048, 52, 4017, 52, 0, 52, NaN, NaN
random_RDD=0.4_TF=0.2_#80.dat, 0.4, 0.2, 80, 8292, 10, 16864, 10, 16905, 10, 9599, 10, 0, 10, NaN, NaN
random_RDD=0.4_TF=0.4_#5.dat, 0.4, 0.4, 5, 0, 66, 0, 66, 0, 66, 0, 66, 0, 66, 0, 66
random_RDD=0.4_TF=0.4_#10.dat, 0.4, 0.4, 10, 0, 185, 0, 185, 0, 185, 0, 185, 0, 221, 3206, 185
random_RDD=0.4_TF=0.4_#15.dat, 0.4, 0.4, 15, 0, 476, 0, 476, 0, 477, 0, 477, 0, 629, NaN, NaN
random_RDD=0.4_TF=0.4_#20.dat, 0.4, 0.4, 20, 0, 364, 0, 364, 0, 364, 0, 364, 0, 578, NaN, NaN
random_RDD=0.4_TF=0.4_#25.dat, 0.4, 0.4, 25, 0, 1183, 0, 1183, 0, 1183, 0, 1183, 0, 1399, NaN, NaN
random_RDD=0.4_TF=0.4_#30.dat, 0.4, 0.4, 30, 0, 754, 0, 754, 0, 754, 0, 754, 0, 1355, NaN, NaN
random_RDD=0.4_TF=0.4_#35.dat, 0.4, 0.4, 35, 0, 1610, 16, 1610, 16, 1610, 16, 1610, 0, 2050, NaN, NaN
random_RDD=0.4_TF=0.4_#40.dat, 0.4, 0.4, 40, 31, 2953, 60, 2953, 60, 2953, 60, 2953, 0, 4354, NaN, NaN
random_RDD=0.4_TF=0.4_#45.dat, 0.4, 0.4, 45, 78, 3718, 137, 3718, 137, 3718, 153, 3720, 0, 6490, NaN, NaN
random_RDD=0.4_TF=0.4_#50.dat, 0.4, 0.4, 50, 392, 6546, 558, 6546, 617, 6546, 592, 6546, 0, 9483, NaN, NaN
random_RDD=0.4_TF=0.4_#55.dat, 0.4, 0.4, 55, 155, 3588, 201, 3588, 186, 3588, 186, 3588, 0, 4380, NaN, NaN
random_RDD=0.4_TF=0.4_#60.dat, 0.4, 0.4, 60, 461, 4053, 647, 4053, 647, 4053, 678, 4053, 0, 6632, NaN, NaN
random_RDD=0.4_TF=0.4_#65.dat, 0.4, 0.4, 65, 1838, 5096, 4147, 5096, 4178, 5096, 3978, 5096, 0, 9780, NaN, NaN
random_RDD=0.4_TF=0.4_#70.dat, 0.4, 0.4, 70, 7248, 4707, 10772, 4708, 10249, 4708, 10631, 4708, 0, 9175, NaN, NaN
random_RDD=0.4_TF=0.4_#75.dat, 0.4, 0.4, 75, 2660, 6066, 4127, 6066, 3857, 6068, 3751, 6068, 0, 11158, NaN, NaN
random_RDD=0.4_TF=0.4_#80.dat, 0.4, 0.4, 80, 3307, 9267, 7132, 9267, 7179, 9270, 7091, 9270, 0, 16032, NaN, NaN
random_RDD=0.4_TF=0.6_#5.dat, 0.4, 0.6, 5, 0, 329, 0, 329, 0, 329, 0, 329, 0, 405, 0, 329
random_RDD=0.4_TF=0.6_#10.dat, 0.4, 0.6, 10, 0, 664, 0, 664, 0, 664, 0, 666, 0, 727, 4046, 664
random_RDD=0.4_TF=0.6_#15.dat, 0.4, 0.6, 15, 0, 1130, 0, 1130, 0, 1130, 0, 1130, 0, 1564, NaN, NaN
random_RDD=0.4_TF=0.6_#20.dat, 0.4, 0.6, 20, 0, 2814, 0, 2816, 0, 2816, 0, 2816, 0, 4596, NaN, NaN
random_RDD=0.4_TF=0.6_#25.dat, 0.4, 0.6, 25, 0, 3222, 0, 3222, 0, 3222, 0, 3226, 0, 5460, NaN, NaN
random_RDD=0.4_TF=0.6_#30.dat, 0.4, 0.6, 30, 0, 2649, 0, 2649, 0, 2651, 0, 2651, 0, 4053, NaN, NaN
random_RDD=0.4_TF=0.6_#35.dat, 0.4, 0.6, 35, 0, 4062, 0, 4062, 0, 4062, 0, 4062, 0, 8054, NaN, NaN
random_RDD=0.4_TF=0.6_#40.dat, 0.4, 0.6, 40, 31, 9779, 31, 9779, 31, 9779, 31, 9779, 0, 14328, NaN, NaN
random_RDD=0.4_TF=0.6_#45.dat, 0.4, 0.6, 45, 96, 9363, 128, 9363, 112, 9363, 128, 9363, 0, 15630, NaN, NaN
random_RDD=0.4_TF=0.6_#50.dat, 0.4, 0.6, 50, 127, 9196, 174, 9196, 174, 9197, 174, 9197, 0, 16499, NaN, NaN
random_RDD=0.4_TF=0.6_#55.dat, 0.4, 0.6, 55, 277, 11988, 484, 11989, 547, 11991, 559, 11991, 0, 21083, NaN, NaN
random_RDD=0.4_TF=0.6_#60.dat, 0.4, 0.6, 60, 729, 14027, 1338, 14027, 1322, 14027, 1291, 14027, 0, 22923, NaN, NaN
random_RDD=0.4_TF=0.6_#65.dat, 0.4, 0.6, 65, 874, 16298, 1250, 16298, 1234, 16304, 1234, 16304, 0, 29295, NaN, NaN
random_RDD=0.4_TF=0.6_#70.dat, 0.4, 0.6, 70, 1519, 21087, 2735, 21087, 2631, 21087, 2511, 21087, 0, 36780, NaN, NaN
random_RDD=0.4_TF=0.6_#75.dat, 0.4, 0.6, 75, 1713, 26005, 2315, 26005, 2293, 26007, 2246, 26007, 0, 41325, NaN, NaN
random_RDD=0.4_TF=0.6_#80.dat, 0.4, 0.6, 80, 7647, 22237, 12210, 22240, 12257, 22240, 11765, 22240, 0, 39964, NaN, NaN
random_RDD=0.4_TF=0.8_#5.dat, 0.4, 0.8, 5, 0, 267, 0, 267, 0, 267, 0, 269, 0, 296, 0, 267
random_RDD=0.4_TF=0.8_#10.dat, 0.4, 0.8, 10, 0, 1167, 0, 1167, 0, 1167, 0, 1167, 0, 1535, 6037, 1167
random_RDD=0.4_TF=0.8_#15.dat, 0.4, 0.8, 15, 0, 1929, 0, 1929, 0, 1929, 0, 1929, 0, 3224, NaN, NaN
random_RDD=0.4_TF=0.8_#20.dat, 0.4, 0.8, 20, 0, 3950, 0, 3950, 0, 3950, 0, 3950, 0, 6846, NaN, NaN
random_RDD=0.4_TF=0.8_#25.dat, 0.4, 0.8, 25, 0, 5019, 0, 5022, 0, 5022, 0, 5022, 0, 9180, NaN, NaN
random_RDD=0.4_TF=0.8_#30.dat, 0.4, 0.8, 30, 0, 8467, 0, 8467, 0, 8467, 0, 8473, 0, 13786, NaN, NaN
random_RDD=0.4_TF=0.8_#35.dat, 0.4, 0.8, 35, 0, 15952, 0, 15953, 0, 15953, 0, 15953, 0, 22319, NaN, NaN
random_RDD=0.4_TF=0.8_#40.dat, 0.4, 0.8, 40, 16, 17651, 16, 17651, 16, 17651, 16, 17651, 0, 26040, NaN, NaN
random_RDD=0.4_TF=0.8_#45.dat, 0.4, 0.8, 45, 0, 18301, 15, 18301, 15, 18303, 15, 18303, 0, 32688, NaN, NaN
random_RDD=0.4_TF=0.8_#50.dat, 0.4, 0.8, 50, 60, 23569, 75, 23569, 60, 23570, 60, 23570, 0, 41011, NaN, NaN
random_RDD=0.4_TF=0.8_#55.dat, 0.4, 0.8, 55, 32, 28936, 32, 28938, 32, 28938, 32, 28938, 0, 45640, NaN, NaN
random_RDD=0.4_TF=0.8_#60.dat, 0.4, 0.8, 60, 31, 29230, 31, 29230, 31, 29230, 31, 29235, 0, 43893, NaN, NaN
random_RDD=0.4_TF=0.8_#65.dat, 0.4, 0.8, 65, 42, 45484, 57, 45484, 57, 45484, 57, 45484, 0, 73141, NaN, NaN
random_RDD=0.4_TF=0.8_#70.dat, 0.4, 0.8, 70, 357, 43927, 582, 43927, 601, 43927, 550, 43930, 0, 71324, NaN, NaN
random_RDD=0.4_TF=0.8_#75.dat, 0.4, 0.8, 75, 62, 55140, 138, 55140, 112, 55140, 153, 55140, 0, 88824, NaN, NaN
random_RDD=0.4_TF=0.8_#80.dat, 0.4, 0.8, 80, 333, 53935, 437, 53935, 437, 53935, 453, 53935, 0, 89368, NaN, NaN
random_RDD=0.4_TF=1.0_#5.dat, 0.4, 1.0, 5, 0, 604, 0, 604, 0, 604, 0, 607, 0, 614, 0, 604
random_RDD=0.4_TF=1.0_#10.dat, 0.4, 1.0, 10, 0, 1992, 0, 1992, 0, 1992, 0, 1992, 0, 2789, 4837, 1992
random_RDD=0.4_TF=1.0_#15.dat, 0.4, 1.0, 15, 0, 4269, 0, 4270, 0, 4270, 0, 4272, 0, 7060, NaN, NaN
random_RDD=0.4_TF=1.0_#20.dat, 0.4, 1.0, 20, 0, 7376, 0, 7376, 0, 7376, 0, 7376, 0, 10916, NaN, NaN
random_RDD=0.4_TF=1.0_#25.dat, 0.4, 1.0, 25, 0, 10888, 0, 10888, 0, 10888, 0, 10888, 0, 15127, NaN, NaN
random_RDD=0.4_TF=1.0_#30.dat, 0.4, 1.0, 30, 0, 16232, 0, 16232, 0, 16232, 0, 16232, 0, 23186, NaN, NaN
random_RDD=0.4_TF=1.0_#35.dat, 0.4, 1.0, 35, 0, 24061, 0, 24061, 0, 24061, 0, 24061, 0, 34402, NaN, NaN
random_RDD=0.4_TF=1.0_#40.dat, 0.4, 1.0, 40, 0, 31630, 0, 31630, 0, 31630, 0, 31630, 0, 43938, NaN, NaN
random_RDD=0.4_TF=1.0_#45.dat, 0.4, 1.0, 45, 0, 32751, 15, 32751, 15, 32751, 15, 32751, 0, 49887, NaN, NaN
random_RDD=0.4_TF=1.0_#50.dat, 0.4, 1.0, 50, 0, 38905, 0, 38905, 0, 38906, 0, 38906, 0, 57896, NaN, NaN
random_RDD=0.4_TF=1.0_#55.dat, 0.4, 1.0, 55, 0, 59271, 0, 59271, 0, 59271, 0, 59277, 0, 87166, NaN, NaN
random_RDD=0.4_TF=1.0_#60.dat, 0.4, 1.0, 60, 0, 73786, 0, 73786, 0, 73786, 0, 73786, 0, 105988, NaN, NaN
random_RDD=0.4_TF=1.0_#65.dat, 0.4, 1.0, 65, 0, 74714, 0, 74715, 0, 74715, 0, 74717, 0, 112184, NaN, NaN
random_RDD=0.4_TF=1.0_#70.dat, 0.4, 1.0, 70, 0, 91448, 12, 91448, 0, 91448, 0, 91448, 0, 126460, NaN, NaN
random_RDD=0.4_TF=1.0_#75.dat, 0.4, 1.0, 75, 0, 85601, 0, 85601, 0, 85601, 0, 85610, 0, 129079, NaN, NaN
random_RDD=0.4_TF=1.0_#80.dat, 0.4, 1.0, 80, 10, 131296, 10, 131296, 10, 131296, 10, 131296, 10, 175488, NaN, NaN
random_RDD=0.6_TF=0.2_#5.dat, 0.6, 0.2, 5, 0, 2, 16, 2, 0, 2, 16, 2, 0, 2, 16, 2
random_RDD=0.6_TF=0.2_#10.dat, 0.6, 0.2, 10, 0, 3, 0, 3, 0, 3, 0, 3, 0, 3, 2020, 3
random_RDD=0.6_TF=0.2_#15.dat, 0.6, 0.2, 15, 0, 0, 0, 0, 0, 0, 0, 0, 0, 0, NaN, NaN
random_RDD=0.6_TF=0.2_#20.dat, 0.6, 0.2, 20, 0, 0, 0, 0, 0, 0, 0, 0, 0, 0, NaN, NaN
random_RDD=0.6_TF=0.2_#25.dat, 0.6, 0.2, 25, 0, 0, 0, 0, 0, 0, 0, 0, 0, 0, NaN, NaN
random_RDD=0.6_TF=0.2_#30.dat, 0.6, 0.2, 30, 0, 0, 0, 0, 0, 0, 0, 0, 0, 0, NaN, NaN
random_RDD=0.6_TF=0.2_#35.dat, 0.6, 0.2, 35, 47, 0, 0, 0, 0, 0, 0, 0, 0, 0, NaN, NaN
random_RDD=0.6_TF=0.2_#40.dat, 0.6, 0.2, 40, 13, 0, 0, 0, 0, 0, 0, 0, 0, 0, NaN, NaN
random_RDD=0.6_TF=0.2_#45.dat, 0.6, 0.2, 45, 63, 0, 0, 0, 0, 0, 0, 0, 0, 0, NaN, NaN
random_RDD=0.6_TF=0.2_#50.dat, 0.6, 0.2, 50, 101, 0, 0, 0, 0, 0, 0, 0, 0, 0, NaN, NaN
random_RDD=0.6_TF=0.2_#55.dat, 0.6, 0.2, 55, 330, 0, 0, 0, 0, 0, 0, 0, 0, 0, NaN, NaN
random_RDD=0.6_TF=0.2_#60.dat, 0.6, 0.2, 60, 339, 0, 0, 0, 0, 0, 0, 0, 0, 0, NaN, NaN
random_RDD=0.6_TF=0.2_#65.dat, 0.6, 0.2, 65, 1255, 0, 0, 0, 0, 0, 0, 0, 0, 0, NaN, NaN
random_RDD=0.6_TF=0.2_#70.dat, 0.6, 0.2, 70, 933, 0, 0, 0, 0, 0, 0, 0, 0, 0, NaN, NaN
random_RDD=0.6_TF=0.2_#75.dat, 0.6, 0.2, 75, 855, 0, 0, 0, 0, 0, 0, 0, 0, 0, NaN, NaN
random_RDD=0.6_TF=0.2_#80.dat, 0.6, 0.2, 80, 3567, 0, 0, 0, 0, 0, 0, 0, 0, 0, NaN, NaN
random_RDD=0.6_TF=0.4_#5.dat, 0.6, 0.4, 5, 0, 53, 0, 53, 0, 53, 0, 53, 0, 53, 0, 53
random_RDD=0.6_TF=0.4_#10.dat, 0.6, 0.4, 10, 0, 126, 0, 126, 0, 126, 0, 128, 0, 201, 2357, 126
random_RDD=0.6_TF=0.4_#15.dat, 0.6, 0.4, 15, 0, 81, 0, 81, 0, 81, 0, 81, 0, 143, NaN, NaN
random_RDD=0.6_TF=0.4_#20.dat, 0.6, 0.4, 20, 0, 244, 0, 244, 0, 244, 0, 244, 0, 244, NaN, NaN
random_RDD=0.6_TF=0.4_#25.dat, 0.6, 0.4, 25, 0, 520, 0, 520, 0, 520, 0, 520, 0, 813, NaN, NaN
random_RDD=0.6_TF=0.4_#30.dat, 0.6, 0.4, 30, 0, 1013, 0, 1013, 0, 1013, 0, 1013, 0, 1607, NaN, NaN
random_RDD=0.6_TF=0.4_#35.dat, 0.6, 0.4, 35, 31, 1533, 31, 1533, 46, 1533, 46, 1533, 0, 3272, NaN, NaN
random_RDD=0.6_TF=0.4_#40.dat, 0.6, 0.4, 40, 38, 549, 38, 549, 38, 549, 54, 549, 0, 709, NaN, NaN
random_RDD=0.6_TF=0.4_#45.dat, 0.6, 0.4, 45, 47, 668, 62, 668, 62, 668, 80, 668, 0, 1165, NaN, NaN
random_RDD=0.6_TF=0.4_#50.dat, 0.6, 0.4, 50, 164, 927, 312, 927, 312, 927, 255, 927, 0, 1753, NaN, NaN
random_RDD=0.6_TF=0.4_#55.dat, 0.6, 0.4, 55, 423, 1716, 574, 1716, 546, 1716, 546, 1717, 0, 2809, NaN, NaN
random_RDD=0.6_TF=0.4_#60.dat, 0.6, 0.4, 60, 1090, 3075, 1682, 3075, 1667, 3075, 1545, 3075, 0, 5100, NaN, NaN
random_RDD=0.6_TF=0.4_#65.dat, 0.6, 0.4, 65, 699, 2127, 1058, 2127, 1089, 2127, 1058, 2127, 12, 3235, NaN, NaN
random_RDD=0.6_TF=0.4_#70.dat, 0.6, 0.4, 70, 2158, 2111, 3557, 2111, 3469, 2111, 3288, 2111, 0, 2936, NaN, NaN
random_RDD=0.6_TF=0.4_#75.dat, 0.6, 0.4, 75, 3027, 2401, 6717, 2401, 6745, 2401, 6623, 2401, 0, 4095, NaN, NaN
random_RDD=0.6_TF=0.4_#80.dat, 0.6, 0.4, 80, 1709, 1835, 2766, 1835, 2682, 1835, 2438, 1835, 0, 2355, NaN, NaN
random_RDD=0.6_TF=0.6_#5.dat, 0.6, 0.6, 5, 0, 99, 0, 99, 0, 99, 0, 99, 0, 142, 0, 99
random_RDD=0.6_TF=0.6_#10.dat, 0.6, 0.6, 10, 0, 506, 0, 506, 0, 506, 0, 506, 0, 819, 4323, 506
random_RDD=0.6_TF=0.6_#15.dat, 0.6, 0.6, 15, 0, 1074, 0, 1074, 0, 1074, 0, 1074, 0, 1337, NaN, NaN
random_RDD=0.6_TF=0.6_#20.dat, 0.6, 0.6, 20, 0, 1372, 15, 1372, 0, 1372, 0, 1374, 0, 2157, NaN, NaN
random_RDD=0.6_TF=0.6_#25.dat, 0.6, 0.6, 25, 0, 2861, 0, 2861, 0, 2861, 0, 2861, 0, 4429, NaN, NaN
random_RDD=0.6_TF=0.6_#30.dat, 0.6, 0.6, 30, 0, 3125, 16, 3125, 0, 3125, 16, 3125, 0, 5137, NaN, NaN
random_RDD=0.6_TF=0.6_#35.dat, 0.6, 0.6, 35, 19, 5381, 19, 5381, 19, 5381, 19, 5381, 0, 9816, NaN, NaN
random_RDD=0.6_TF=0.6_#40.dat, 0.6, 0.6, 40, 10, 7433, 10, 7433, 10, 7433, 10, 7433, 0, 11148, NaN, NaN
random_RDD=0.6_TF=0.6_#45.dat, 0.6, 0.6, 45, 79, 7128, 122, 7128, 138, 7128, 138, 7128, 0, 13372, NaN, NaN
random_RDD=0.6_TF=0.6_#50.dat, 0.6, 0.6, 50, 270, 6866, 439, 6866, 408, 6866, 408, 6866, 0, 11334, NaN, NaN
random_RDD=0.6_TF=0.6_#55.dat, 0.6, 0.6, 55, 132, 8771, 183, 8771, 168, 8771, 168, 8771, 0, 14869, NaN, NaN
random_RDD=0.6_TF=0.6_#60.dat, 0.6, 0.6, 60, 154, 10767, 286, 10767, 286, 10767, 270, 10767, 0, 18261, NaN, NaN
random_RDD=0.6_TF=0.6_#65.dat, 0.6, 0.6, 65, 569, 11983, 1398, 11983, 1398, 11983, 1382, 11983, 0, 22712, NaN, NaN
random_RDD=0.6_TF=0.6_#70.dat, 0.6, 0.6, 70, 2378, 20103, 3903, 20104, 3658, 20104, 3958, 20106, 0, 38246, NaN, NaN
random_RDD=0.6_TF=0.6_#75.dat, 0.6, 0.6, 75, 1137, 15389, 1720, 15389, 1676, 15389, 1720, 15389, 0, 22958, NaN, NaN
random_RDD=0.6_TF=0.6_#80.dat, 0.6, 0.6, 80, 7859, 13471, 18125, 13471, 18572, 13471, 18287, 13471, 0, 23351, NaN, NaN
random_RDD=0.6_TF=0.8_#5.dat, 0.6, 0.8, 5, 0, 297, 0, 297, 0, 297, 0, 297, 0, 374, 0, 297
random_RDD=0.6_TF=0.8_#10.dat, 0.6, 0.8, 10, 0, 1152, 0, 1152, 0, 1152, 0, 1152, 0, 2022, 4544, 1152
random_RDD=0.6_TF=0.8_#15.dat, 0.6, 0.8, 15, 0, 2349, 0, 2349, 0, 2349, 0, 2349, 0, 4555, NaN, NaN
random_RDD=0.6_TF=0.8_#20.dat, 0.6, 0.8, 20, 0, 3980, 0, 3980, 0, 3980, 0, 3980, 0, 6633, NaN, NaN
random_RDD=0.6_TF=0.8_#25.dat, 0.6, 0.8, 25, 16, 6805, 16, 6805, 16, 6805, 0, 6805, 0, 10391, NaN, NaN
random_RDD=0.6_TF=0.8_#30.dat, 0.6, 0.8, 30, 0, 8517, 0, 8517, 0, 8517, 0, 8519, 0, 13555, NaN, NaN
random_RDD=0.6_TF=0.8_#35.dat, 0.6, 0.8, 35, 0, 9777, 0, 9777, 0, 9777, 0, 9777, 0, 14344, NaN, NaN
random_RDD=0.6_TF=0.8_#40.dat, 0.6, 0.8, 40, 0, 17005, 0, 17005, 0, 17007, 0, 17007, 0, 28349, NaN, NaN
random_RDD=0.6_TF=0.8_#45.dat, 0.6, 0.8, 45, 0, 20273, 0, 20273, 0, 20273, 0, 20273, 0, 34063, NaN, NaN
random_RDD=0.6_TF=0.8_#50.dat, 0.6, 0.8, 50, 0, 27736, 0, 27736, 0, 27739, 0, 27741, 0, 41744, NaN, NaN
random_RDD=0.6_TF=0.8_#55.dat, 0.6, 0.8, 55, 15, 27770, 15, 27770, 15, 27770, 15, 27780, 15, 48731, NaN, NaN
random_RDD=0.6_TF=0.8_#60.dat, 0.6, 0.8, 60, 43, 23138, 59, 23139, 59, 23140, 59, 23140, 0, 47795, NaN, NaN
random_RDD=0.6_TF=0.8_#65.dat, 0.6, 0.8, 65, 109, 35858, 187, 35858, 171, 35860, 187, 35860, 0, 59600, NaN, NaN
random_RDD=0.6_TF=0.8_#70.dat, 0.6, 0.8, 70, 73, 48167, 104, 48167, 104, 48168, 104, 48168, 0, 76627, NaN, NaN
random_RDD=0.6_TF=0.8_#75.dat, 0.6, 0.8, 75, 26, 45497, 41, 45497, 41, 45497, 41, 45505, 0, 69792, NaN, NaN
random_RDD=0.6_TF=0.8_#80.dat, 0.6, 0.8, 80, 47, 59236, 63, 59236, 63, 59236, 47, 59236, 0, 89590, NaN, NaN
random_RDD=0.6_TF=1.0_#5.dat, 0.6, 1.0, 5, 0, 496, 0, 496, 0, 496, 0, 496, 0, 568, 0, 496
random_RDD=0.6_TF=1.0_#10.dat, 0.6, 1.0, 10, 0, 1867, 0, 1867, 0, 1867, 0, 1867, 0, 2567, 4638, 1867
random_RDD=0.6_TF=1.0_#15.dat, 0.6, 1.0, 15, 0, 3597, 0, 3597, 0, 3597, 0, 3597, 0, 5942, NaN, NaN
random_RDD=0.6_TF=1.0_#20.dat, 0.6, 1.0, 20, 0, 7565, 0, 7565, 0, 7566, 0, 7566, 0, 9635, NaN, NaN
random_RDD=0.6_TF=1.0_#25.dat, 0.6, 1.0, 25, 0, 11818, 0, 11818, 0, 11818, 0, 11818, 0, 15057, NaN, NaN
random_RDD=0.6_TF=1.0_#30.dat, 0.6, 1.0, 30, 0, 17646, 0, 17646, 0, 17646, 0, 17646, 0, 22730, NaN, NaN
random_RDD=0.6_TF=1.0_#35.dat, 0.6, 1.0, 35, 0, 18854, 0, 18854, 0, 18854, 0, 18854, 0, 26534, NaN, NaN
random_RDD=0.6_TF=1.0_#40.dat, 0.6, 1.0, 40, 0, 28324, 0, 28324, 0, 28324, 0, 28328, 0, 44638, NaN, NaN
random_RDD=0.6_TF=1.0_#45.dat, 0.6, 1.0, 45, 0, 35706, 0, 35709, 0, 35711, 0, 35711, 0, 49672, NaN, NaN
random_RDD=0.6_TF=1.0_#50.dat, 0.6, 1.0, 50, 0, 43998, 0, 43998, 0, 43998, 0, 43998, 0, 62939, NaN, NaN
random_RDD=0.6_TF=1.0_#55.dat, 0.6, 1.0, 55, 0, 54506, 10, 54507, 10, 54510, 10, 54512, 0, 74955, NaN, NaN
random_RDD=0.6_TF=1.0_#60.dat, 0.6, 1.0, 60, 0, 73412, 0, 73412, 0, 73414, 0, 73417, 0, 96814, NaN, NaN
random_RDD=0.6_TF=1.0_#65.dat, 0.6, 1.0, 65, 0, 73834, 0, 73836, 0, 73836, 0, 73836, 0, 106778, NaN, NaN
random_RDD=0.6_TF=1.0_#70.dat, 0.6, 1.0, 70, 0, 84680, 0, 84680, 0, 84680, 0, 84680, 0, 121502, NaN, NaN
random_RDD=0.6_TF=1.0_#75.dat, 0.6, 1.0, 75, 0, 108631, 0, 108632, 0, 108633, 0, 108633, 0, 152046, NaN, NaN
random_RDD=0.6_TF=1.0_#80.dat, 0.6, 1.0, 80, 0, 114628, 0, 114628, 0, 114631, 0, 114633, 0, 164133, NaN, NaN
random_RDD=0.8_TF=0.2_#5.dat, 0.8, 0.2, 5, 0, 0, 0, 0, 0, 0, 0, 0, 0, 0, 0, 0
random_RDD=0.8_TF=0.2_#10.dat, 0.8, 0.2, 10, 0, 0, 0, 0, 0, 0, 0, 0, 0, 0, 2121, 0
random_RDD=0.8_TF=0.2_#15.dat, 0.8, 0.2, 15, 0, 0, 0, 0, 0, 0, 0, 0, 0, 0, NaN, NaN
random_RDD=0.8_TF=0.2_#20.dat, 0.8, 0.2, 20, 0, 0, 0, 0, 0, 0, 0, 0, 0, 0, NaN, NaN
random_RDD=0.8_TF=0.2_#25.dat, 0.8, 0.2, 25, 0, 0, 0, 0, 0, 0, 0, 0, 0, 0, NaN, NaN
random_RDD=0.8_TF=0.2_#30.dat, 0.8, 0.2, 30, 16, 0, 0, 0, 0, 0, 0, 0, 0, 0, NaN, NaN
random_RDD=0.8_TF=0.2_#35.dat, 0.8, 0.2, 35, 16, 0, 0, 0, 0, 0, 0, 0, 0, 0, NaN, NaN
random_RDD=0.8_TF=0.2_#40.dat, 0.8, 0.2, 40, 15, 0, 0, 0, 0, 0, 0, 0, 0, 0, NaN, NaN
random_RDD=0.8_TF=0.2_#45.dat, 0.8, 0.2, 45, 133, 0, 0, 0, 0, 0, 0, 0, 0, 0, NaN, NaN
random_RDD=0.8_TF=0.2_#50.dat, 0.8, 0.2, 50, 165, 0, 0, 0, 0, 0, 0, 0, 0, 0, NaN, NaN
random_RDD=0.8_TF=0.2_#55.dat, 0.8, 0.2, 55, 101, 0, 0, 0, 0, 0, 0, 0, 0, 0, NaN, NaN
random_RDD=0.8_TF=0.2_#60.dat, 0.8, 0.2, 60, 259, 0, 0, 0, 0, 0, 0, 0, 0, 0, NaN, NaN
random_RDD=0.8_TF=0.2_#65.dat, 0.8, 0.2, 65, 544, 0, 0, 0, 0, 0, 0, 0, 0, 0, NaN, NaN
random_RDD=0.8_TF=0.2_#70.dat, 0.8, 0.2, 70, 667, 0, 0, 0, 0, 0, 0, 0, 0, 0, NaN, NaN
random_RDD=0.8_TF=0.2_#75.dat, 0.8, 0.2, 75, 1774, 0, 0, 0, 0, 0, 0, 0, 0, 0, NaN, NaN
random_RDD=0.8_TF=0.2_#80.dat, 0.8, 0.2, 80, 5353, 0, 0, 0, 0, 0, 0, 0, 0, 0, NaN, NaN
random_RDD=0.8_TF=0.4_#5.dat, 0.8, 0.4, 5, 0, 156, 0, 156, 0, 156, 0, 156, 0, 156, 0, 156
random_RDD=0.8_TF=0.4_#10.dat, 0.8, 0.4, 10, 0, 430, 0, 430, 0, 430, 0, 430, 0, 723, 2868, 430
random_RDD=0.8_TF=0.4_#15.dat, 0.8, 0.4, 15, 0, 728, 0, 728, 0, 728, 0, 728, 0, 1153, NaN, NaN
random_RDD=0.8_TF=0.4_#20.dat, 0.8, 0.4, 20, 0, 606, 0, 606, 0, 606, 0, 606, 0, 1103, NaN, NaN
random_RDD=0.8_TF=0.4_#25.dat, 0.8, 0.4, 25, 0, 73, 0, 73, 0, 73, 0, 73, 0, 75, NaN, NaN
random_RDD=0.8_TF=0.4_#30.dat, 0.8, 0.4, 30, 0, 7, 0, 7, 0, 7, 0, 7, 0, 7, NaN, NaN
random_RDD=0.8_TF=0.4_#35.dat, 0.8, 0.4, 35, 16, 355, 16, 355, 16, 355, 16, 355, 0, 515, NaN, NaN
random_RDD=0.8_TF=0.4_#40.dat, 0.8, 0.4, 40, 78, 536, 116, 536, 132, 536, 132, 536, 0, 1090, NaN, NaN
random_RDD=0.8_TF=0.4_#45.dat, 0.8, 0.4, 45, 151, 52, 198, 52, 198, 52, 198, 52, 0, 52, NaN, NaN
random_RDD=0.8_TF=0.4_#50.dat, 0.8, 0.4, 50, 75, 101, 91, 101, 106, 101, 106, 101, 0, 163, NaN, NaN
random_RDD=0.8_TF=0.4_#55.dat, 0.8, 0.4, 55, 448, 639, 661, 639, 630, 639, 630, 639, 0, 841, NaN, NaN
random_RDD=0.8_TF=0.4_#60.dat, 0.8, 0.4, 60, 1026, 1935, 1607, 1935, 1591, 1935, 1638, 1935, 0, 2863, NaN, NaN
random_RDD=0.8_TF=0.4_#65.dat, 0.8, 0.4, 65, 892, 675, 1212, 675, 1197, 675, 1171, 675, 0, 989, NaN, NaN
random_RDD=0.8_TF=0.4_#70.dat, 0.8, 0.4, 70, 2671, 118, 4239, 118, 4089, 118, 4302, 118, 0, 118, NaN, NaN
random_RDD=0.8_TF=0.4_#75.dat, 0.8, 0.4, 75, 6718, 846, 9903, 846, 10262, 846, 10376, 846, 0, 1878, NaN, NaN
random_RDD=0.8_TF=0.4_#80.dat, 0.8, 0.4, 80, 9221, 1145, 30321, 1145, 30727, 1145, 26853, 1145, 16, 1757, NaN, NaN
random_RDD=0.8_TF=0.6_#5.dat, 0.8, 0.6, 5, 0, 324, 0, 324, 0, 324, 0, 324, 0, 442, 0, 324
random_RDD=0.8_TF=0.6_#10.dat, 0.8, 0.6, 10, 0, 766, 0, 766, 0, 766, 0, 766, 0, 985, 2872, 766
random_RDD=0.8_TF=0.6_#15.dat, 0.8, 0.6, 15, 0, 869, 0, 869, 0, 869, 0, 869, 0, 1039, NaN, NaN
random_RDD=0.8_TF=0.6_#20.dat, 0.8, 0.6, 20, 0, 2224, 0, 2224, 0, 2226, 0, 2226, 0, 2756, NaN, NaN
random_RDD=0.8_TF=0.6_#25.dat, 0.8, 0.6, 25, 0, 2886, 0, 2886, 0, 2886, 0, 2886, 0, 5260, NaN, NaN
random_RDD=0.8_TF=0.6_#30.dat, 0.8, 0.6, 30, 0, 2373, 0, 2373, 0, 2373, 0, 2373, 0, 3293, NaN, NaN
random_RDD=0.8_TF=0.6_#35.dat, 0.8, 0.6, 35, 16, 4341, 16, 4341, 16, 4341, 16, 4341, 0, 6115, NaN, NaN
random_RDD=0.8_TF=0.6_#40.dat, 0.8, 0.6, 40, 47, 7824, 47, 7824, 47, 7824, 47, 7824, 0, 13635, NaN, NaN
random_RDD=0.8_TF=0.6_#45.dat, 0.8, 0.6, 45, 75, 4902, 166, 4902, 166, 4902, 166, 4902, 0, 8499, NaN, NaN
random_RDD=0.8_TF=0.6_#50.dat, 0.8, 0.6, 50, 47, 5506, 78, 5506, 63, 5507, 78, 5507, 0, 7670, NaN, NaN
random_RDD=0.8_TF=0.6_#55.dat, 0.8, 0.6, 55, 45, 18054, 76, 18055, 76, 18055, 91, 18055, 0, 30088, NaN, NaN
random_RDD=0.8_TF=0.6_#60.dat, 0.8, 0.6, 60, 444, 4624, 641, 4624, 535, 4624, 641, 4624, 0, 6390, NaN, NaN
random_RDD=0.8_TF=0.6_#65.dat, 0.8, 0.6, 65, 983, 11202, 1346, 11202, 1331, 11202, 1358, 11202, 0, 18765, NaN, NaN
random_RDD=0.8_TF=0.6_#70.dat, 0.8, 0.6, 70, 839, 10219, 1237, 10219, 1237, 10219, 1222, 10220, 0, 16283, NaN, NaN
random_RDD=0.8_TF=0.6_#75.dat, 0.8, 0.6, 75, 3302, 24526, 5225, 24528, 5350, 24528, 5056, 24528, 0, 45397, NaN, NaN
random_RDD=0.8_TF=0.6_#80.dat, 0.8, 0.6, 80, 6273, 20241, 9781, 20241, 10224, 20241, 9949, 20241, 15, 35464, NaN, NaN
random_RDD=0.8_TF=0.8_#5.dat, 0.8, 0.8, 5, 0, 441, 0, 441, 0, 441, 0, 441, 0, 441, 0, 441
random_RDD=0.8_TF=0.8_#10.dat, 0.8, 0.8, 10, 0, 1634, 0, 1634, 0, 1634, 0, 1634, 0, 2200, 5295, 1634
random_RDD=0.8_TF=0.8_#15.dat, 0.8, 0.8, 15, 0, 2790, 0, 2790, 0, 2791, 0, 2790, 0, 3449, NaN, NaN
random_RDD=0.8_TF=0.8_#20.dat, 0.8, 0.8, 20, 0, 6807, 0, 6807, 0, 6807, 0, 6807, 0, 8961, NaN, NaN
random_RDD=0.8_TF=0.8_#25.dat, 0.8, 0.8, 25, 0, 5609, 0, 5609, 0, 5609, 0, 5609, 0, 9742, NaN, NaN
random_RDD=0.8_TF=0.8_#30.dat, 0.8, 0.8, 30, 0, 10383, 0, 10385, 0, 10385, 0, 10385, 0, 15314, NaN, NaN
random_RDD=0.8_TF=0.8_#35.dat, 0.8, 0.8, 35, 0, 14481, 0, 14481, 0, 14481, 0, 14481, 0, 23821, NaN, NaN
random_RDD=0.8_TF=0.8_#40.dat, 0.8, 0.8, 40, 0, 15522, 0, 15522, 0, 15522, 0, 15522, 0, 22778, NaN, NaN
random_RDD=0.8_TF=0.8_#45.dat, 0.8, 0.8, 45, 0, 21805, 16, 21805, 16, 21806, 16, 21806, 0, 31453, NaN, NaN
random_RDD=0.8_TF=0.8_#50.dat, 0.8, 0.8, 50, 0, 21642, 0, 21642, 0, 21647, 0, 21647, 0, 35977, NaN, NaN
random_RDD=0.8_TF=0.8_#55.dat, 0.8, 0.8, 55, 15, 35738, 15, 35739, 15, 35739, 15, 35742, 0, 51780, NaN, NaN
random_RDD=0.8_TF=0.8_#60.dat, 0.8, 0.8, 60, 32, 32150, 47, 32150, 47, 32150, 47, 32160, 0, 53789, NaN, NaN
random_RDD=0.8_TF=0.8_#65.dat, 0.8, 0.8, 65, 16, 36188, 16, 36191, 16, 36191, 16, 36191, 0, 54415, NaN, NaN
random_RDD=0.8_TF=0.8_#70.dat, 0.8, 0.8, 70, 257, 38091, 345, 38091, 361, 38091, 361, 38094, 0, 65195, NaN, NaN
random_RDD=0.8_TF=0.8_#75.dat, 0.8, 0.8, 75, 130, 44794, 192, 44794, 239, 44795, 192, 44797, 0, 80512, NaN, NaN
random_RDD=0.8_TF=0.8_#80.dat, 0.8, 0.8, 80, 23, 63890, 38, 63892, 38, 63892, 38, 63892, 0, 102328, NaN, NaN
random_RDD=0.8_TF=1.0_#5.dat, 0.8, 1.0, 5, 0, 747, 0, 747, 0, 747, 0, 747, 0, 843, 0, 747
random_RDD=0.8_TF=1.0_#10.dat, 0.8, 1.0, 10, 0, 1559, 0, 1559, 0, 1559, 0, 1559, 0, 2046, 4410, 1559
random_RDD=0.8_TF=1.0_#15.dat, 0.8, 1.0, 15, 0, 4547, 0, 4547, 0, 4547, 0, 4547, 0, 5479, NaN, NaN
random_RDD=0.8_TF=1.0_#20.dat, 0.8, 1.0, 20, 0, 5987, 0, 5987, 0, 5987, 0, 5987, 0, 9487, NaN, NaN
random_RDD=0.8_TF=1.0_#25.dat, 0.8, 1.0, 25, 0, 12590, 0, 12590, 0, 12590, 0, 12590, 0, 18424, NaN, NaN
random_RDD=0.8_TF=1.0_#30.dat, 0.8, 1.0, 30, 0, 14298, 0, 14298, 0, 14298, 0, 14298, 0, 21197, NaN, NaN
random_RDD=0.8_TF=1.0_#35.dat, 0.8, 1.0, 35, 0, 26890, 16, 26890, 16, 26890, 16, 26890, 0, 36022, NaN, NaN
random_RDD=0.8_TF=1.0_#40.dat, 0.8, 1.0, 40, 0, 28406, 0, 28406, 0, 28406, 0, 28406, 0, 38888, NaN, NaN
random_RDD=0.8_TF=1.0_#45.dat, 0.8, 1.0, 45, 0, 43222, 0, 43222, 0, 43222, 0, 43222, 0, 58553, NaN, NaN
random_RDD=0.8_TF=1.0_#50.dat, 0.8, 1.0, 50, 0, 46620, 0, 46621, 0, 46621, 0, 46621, 0, 61616, NaN, NaN
random_RDD=0.8_TF=1.0_#55.dat, 0.8, 1.0, 55, 0, 65938, 0, 65938, 0, 65938, 0, 65938, 0, 82240, NaN, NaN
random_RDD=0.8_TF=1.0_#60.dat, 0.8, 1.0, 60, 0, 85145, 0, 85145, 0, 85145, 0, 85145, 0, 110849, NaN, NaN
random_RDD=0.8_TF=1.0_#65.dat, 0.8, 1.0, 65, 0, 80204, 0, 80205, 0, 80205, 0, 80205, 0, 109851, NaN, NaN
random_RDD=0.8_TF=1.0_#70.dat, 0.8, 1.0, 70, 16, 95319, 16, 95319, 16, 95319, 16, 95322, 0, 126742, NaN, NaN
random_RDD=0.8_TF=1.0_#75.dat, 0.8, 1.0, 75, 0, 104293, 0, 104295, 0, 104295, 0, 104299, 0, 142164, NaN, NaN
random_RDD=0.8_TF=1.0_#80.dat, 0.8, 1.0, 80, 16, 109912, 16, 109912, 16, 109912, 16, 109912, 0, 150622, NaN, NaN
random_RDD=1.0_TF=0.2_#5.dat, 1.0, 0.2, 5, 0, 0, 0, 0, 0, 0, 0, 0, 0, 0, 0, 0
random_RDD=1.0_TF=0.2_#10.dat, 1.0, 0.2, 10, 0, 12, 0, 12, 0, 12, 0, 12, 0, 12, 301, 12
random_RDD=1.0_TF=0.2_#15.dat, 1.0, 0.2, 15, 0, 0, 0, 0, 0, 0, 0, 0, 0, 0, NaN, NaN
random_RDD=1.0_TF=0.2_#20.dat, 1.0, 0.2, 20, 0, 0, 0, 0, 0, 0, 0, 0, 0, 0, NaN, NaN
random_RDD=1.0_TF=0.2_#25.dat, 1.0, 0.2, 25, 0, 0, 0, 0, 0, 0, 0, 0, 0, 0, NaN, NaN
random_RDD=1.0_TF=0.2_#30.dat, 1.0, 0.2, 30, 0, 0, 0, 0, 0, 0, 0, 0, 0, 0, NaN, NaN
random_RDD=1.0_TF=0.2_#35.dat, 1.0, 0.2, 35, 31, 0, 0, 0, 0, 0, 0, 0, 0, 0, NaN, NaN
random_RDD=1.0_TF=0.2_#40.dat, 1.0, 0.2, 40, 15, 0, 0, 0, 0, 0, 0, 0, 0, 0, NaN, NaN
random_RDD=1.0_TF=0.2_#45.dat, 1.0, 0.2, 45, 12, 0, 0, 0, 0, 0, 0, 0, 0, 0, NaN, NaN
random_RDD=1.0_TF=0.2_#50.dat, 1.0, 0.2, 50, 130, 0, 0, 0, 0, 0, 0, 0, 0, 0, NaN, NaN
random_RDD=1.0_TF=0.2_#55.dat, 1.0, 0.2, 55, 137, 0, 0, 0, 0, 0, 0, 0, 0, 0, NaN, NaN
random_RDD=1.0_TF=0.2_#60.dat, 1.0, 0.2, 60, 694, 0, 0, 0, 0, 0, 0, 0, 0, 0, NaN, NaN
random_RDD=1.0_TF=0.2_#65.dat, 1.0, 0.2, 65, 464, 0, 0, 0, 0, 0, 0, 0, 0, 0, NaN, NaN
random_RDD=1.0_TF=0.2_#70.dat, 1.0, 0.2, 70, 1827, 0, 0, 0, 0, 0, 0, 0, 0, 0, NaN, NaN
random_RDD=1.0_TF=0.2_#75.dat, 1.0, 0.2, 75, 3193, 0, 0, 0, 0, 0, 0, 0, 0, 0, NaN, NaN
random_RDD=1.0_TF=0.2_#80.dat, 1.0, 0.2, 80, 3096, 0, 0, 0, 0, 0, 0, 0, 0, 0, NaN, NaN
random_RDD=1.0_TF=0.4_#5.dat, 1.0, 0.4, 5, 0, 0, 0, 0, 0, 0, 0, 0, 0, 0, 0, 0
random_RDD=1.0_TF=0.4_#10.dat, 1.0, 0.4, 10, 0, 0, 0, 0, 0, 0, 0, 0, 0, 0, 142, 0
random_RDD=1.0_TF=0.4_#15.dat, 1.0, 0.4, 15, 0, 270, 0, 270, 0, 270, 0, 270, 0, 306, NaN, NaN
random_RDD=1.0_TF=0.4_#20.dat, 1.0, 0.4, 20, 0, 264, 0, 264, 0, 264, 0, 264, 0, 266, NaN, NaN
random_RDD=1.0_TF=0.4_#25.dat, 1.0, 0.4, 25, 0, 357, 0, 357, 0, 357, 0, 357, 0, 511, NaN, NaN
random_RDD=1.0_TF=0.4_#30.dat, 1.0, 0.4, 30, 0, 0, 0, 0, 0, 0, 0, 0, 0, 0, NaN, NaN
random_RDD=1.0_TF=0.4_#35.dat, 1.0, 0.4, 35, 0, 0, 0, 0, 0, 0, 0, 0, 0, 0, NaN, NaN
random_RDD=1.0_TF=0.4_#40.dat, 1.0, 0.4, 40, 31, 0, 0, 0, 0, 0, 0, 0, 0, 0, NaN, NaN
random_RDD=1.0_TF=0.4_#45.dat, 1.0, 0.4, 45, 47, 0, 0, 0, 0, 0, 0, 0, 0, 0, NaN, NaN
random_RDD=1.0_TF=0.4_#50.dat, 1.0, 0.4, 50, 614, 2675, 914, 2675, 914, 2675, 898, 2675, 0, 4779, NaN, NaN
random_RDD=1.0_TF=0.4_#55.dat, 1.0, 0.4, 55, 104, 0, 0, 0, 0, 0, 0, 0, 0, 0, NaN, NaN
random_RDD=1.0_TF=0.4_#60.dat, 1.0, 0.4, 60, 91, 0, 0, 0, 0, 0, 0, 0, 0, 0, NaN, NaN
random_RDD=1.0_TF=0.4_#65.dat, 1.0, 0.4, 65, 978, 0, 0, 0, 0, 0, 0, 0, 0, 0, NaN, NaN
random_RDD=1.0_TF=0.4_#70.dat, 1.0, 0.4, 70, 1293, 0, 0, 0, 0, 0, 0, 0, 0, 0, NaN, NaN
random_RDD=1.0_TF=0.4_#75.dat, 1.0, 0.4, 75, 1034, 42, 1608, 42, 1677, 42, 1639, 42, 0, 42, NaN, NaN
random_RDD=1.0_TF=0.4_#80.dat, 1.0, 0.4, 80, 9908, 58, 26479, 58, 29540, 58, 31151, 58, 0, 58, NaN, NaN
random_RDD=1.0_TF=0.6_#5.dat, 1.0, 0.6, 5, 0, 157, 0, 157, 0, 157, 0, 157, 0, 178, 0, 157
random_RDD=1.0_TF=0.6_#10.dat, 1.0, 0.6, 10, 0, 393, 0, 393, 0, 393, 0, 393, 0, 609, 1608, 393
random_RDD=1.0_TF=0.6_#15.dat, 1.0, 0.6, 15, 0, 1280, 0, 1280, 0, 1280, 0, 1280, 0, 2059, NaN, NaN
random_RDD=1.0_TF=0.6_#20.dat, 1.0, 0.6, 20, 0, 3935, 0, 3935, 0, 3935, 0, 3935, 0, 5494, NaN, NaN
random_RDD=1.0_TF=0.6_#25.dat, 1.0, 0.6, 25, 0, 3094, 0, 3095, 0, 3095, 0, 3095, 0, 4762, NaN, NaN
random_RDD=1.0_TF=0.6_#30.dat, 1.0, 0.6, 30, 0, 1573, 0, 1573, 15, 1573, 15, 1573, 0, 2293, NaN, NaN
random_RDD=1.0_TF=0.6_#35.dat, 1.0, 0.6, 35, 0, 4177, 0, 4177, 0, 4177, 0, 4177, 0, 6930, NaN, NaN
random_RDD=1.0_TF=0.6_#40.dat, 1.0, 0.6, 40, 16, 8589, 16, 8589, 16, 8589, 16, 8589, 0, 15412, NaN, NaN
random_RDD=1.0_TF=0.6_#45.dat, 1.0, 0.6, 45, 15, 5660, 31, 5660, 31, 5660, 15, 5660, 0, 8327, NaN, NaN
random_RDD=1.0_TF=0.6_#50.dat, 1.0, 0.6, 50, 36, 7689, 51, 7689, 51, 7689, 51, 7689, 0, 12213, NaN, NaN
random_RDD=1.0_TF=0.6_#55.dat, 1.0, 0.6, 55, 169, 14479, 214, 14479, 229, 14479, 245, 14479, 0, 24773, NaN, NaN
random_RDD=1.0_TF=0.6_#60.dat, 1.0, 0.6, 60, 47, 8370, 62, 8370, 78, 8370, 62, 8370, 0, 13634, NaN, NaN
random_RDD=1.0_TF=0.6_#65.dat, 1.0, 0.6, 65, 116, 20477, 156, 20477, 156, 20477, 156, 20477, 0, 33451, NaN, NaN
random_RDD=1.0_TF=0.6_#70.dat, 1.0, 0.6, 70, 314, 8579, 390, 8579, 374, 8579, 390, 8579, 0, 13742, NaN, NaN
random_RDD=1.0_TF=0.6_#75.dat, 1.0, 0.6, 75, 390, 16503, 544, 16503, 544, 16503, 544, 16503, 0, 25306, NaN, NaN
random_RDD=1.0_TF=0.6_#80.dat, 1.0, 0.6, 80, 3958, 15998, 5779, 15998, 6097, 15999, 5949, 16001, 0, 27795, NaN, NaN
random_RDD=1.0_TF=0.8_#5.dat, 1.0, 0.8, 5, 0, 667, 0, 667, 0, 667, 0, 667, 0, 759, 0, 667
random_RDD=1.0_TF=0.8_#10.dat, 1.0, 0.8, 10, 0, 924, 0, 924, 0, 924, 0, 924, 0, 1290, 4840, 924
random_RDD=1.0_TF=0.8_#15.dat, 1.0, 0.8, 15, 0, 3116, 0, 3116, 0, 3116, 0, 3116, 0, 4881, NaN, NaN
random_RDD=1.0_TF=0.8_#20.dat, 1.0, 0.8, 20, 0, 3939, 0, 3939, 0, 3939, 0, 3939, 0, 7144, NaN, NaN
random_RDD=1.0_TF=0.8_#25.dat, 1.0, 0.8, 25, 0, 11198, 0, 11199, 0, 11199, 0, 11199, 0, 14675, NaN, NaN
random_RDD=1.0_TF=0.8_#30.dat, 1.0, 0.8, 30, 0, 8906, 0, 8906, 0, 8906, 0, 8906, 0, 13133, NaN, NaN
random_RDD=1.0_TF=0.8_#35.dat, 1.0, 0.8, 35, 0, 11371, 16, 11371, 0, 11371, 16, 11371, 0, 21942, NaN, NaN
random_RDD=1.0_TF=0.8_#40.dat, 1.0, 0.8, 40, 0, 18120, 0, 18120, 0, 18125, 0, 18125, 0, 28028, NaN, NaN
random_RDD=1.0_TF=0.8_#45.dat, 1.0, 0.8, 45, 22, 19668, 22, 19668, 22, 19668, 22, 19668, 0, 30463, NaN, NaN
random_RDD=1.0_TF=0.8_#50.dat, 1.0, 0.8, 50, 0, 35175, 0, 35175, 0, 35175, 0, 35175, 0, 49780, NaN, NaN
random_RDD=1.0_TF=0.8_#55.dat, 1.0, 0.8, 55, 16, 34118, 16, 34118, 16, 34118, 16, 34119, 0, 49154, NaN, NaN
random_RDD=1.0_TF=0.8_#60.dat, 1.0, 0.8, 60, 0, 42294, 0, 42294, 0, 42294, 0, 42294, 0, 58122, NaN, NaN
random_RDD=1.0_TF=0.8_#65.dat, 1.0, 0.8, 65, 47, 40843, 47, 40843, 47, 40845, 47, 40845, 0, 62661, NaN, NaN
random_RDD=1.0_TF=0.8_#70.dat, 1.0, 0.8, 70, 89, 42783, 105, 42784, 120, 42784, 120, 42784, 0, 63003, NaN, NaN
random_RDD=1.0_TF=0.8_#75.dat, 1.0, 0.8, 75, 59, 51616, 90, 51616, 75, 51621, 90, 51621, 0, 76233, NaN, NaN
random_RDD=1.0_TF=0.8_#80.dat, 1.0, 0.8, 80, 69, 67561, 116, 67561, 101, 67561, 116, 67569, 0, 108468, NaN, NaN
random_RDD=1.0_TF=1.0_#5.dat, 1.0, 1.0, 5, 0, 1503, 0, 1503, 0, 1503, 0, 1503, 0, 1702, 0, 1503
random_RDD=1.0_TF=1.0_#10.dat, 1.0, 1.0, 10, 0, 2803, 0, 2803, 0, 2803, 0, 2803, 0, 3566, 6937, 2803
random_RDD=1.0_TF=1.0_#15.dat, 1.0, 1.0, 15, 0, 3190, 0, 3190, 0, 3190, 0, 3190, 0, 4710, NaN, NaN
random_RDD=1.0_TF=1.0_#20.dat, 1.0, 1.0, 20, 0, 7958, 0, 7958, 0, 7958, 0, 7958, 0, 11322, NaN, NaN
random_RDD=1.0_TF=1.0_#25.dat, 1.0, 1.0, 25, 0, 10049, 0, 10049, 0, 10049, 0, 10049, 0, 13980, NaN, NaN
random_RDD=1.0_TF=1.0_#30.dat, 1.0, 1.0, 30, 0, 17676, 0, 17676, 0, 17678, 0, 17678, 0, 23632, NaN, NaN
random_RDD=1.0_TF=1.0_#35.dat, 1.0, 1.0, 35, 0, 27961, 16, 27964, 16, 27964, 16, 27976, 0, 40383, NaN, NaN
random_RDD=1.0_TF=1.0_#40.dat, 1.0, 1.0, 40, 0, 32493, 0, 32493, 0, 32496, 0, 32499, 0, 47317, NaN, NaN
random_RDD=1.0_TF=1.0_#45.dat, 1.0, 1.0, 45, 0, 35999, 0, 35999, 0, 35999, 0, 35999, 0, 48204, NaN, NaN
random_RDD=1.0_TF=1.0_#50.dat, 1.0, 1.0, 50, 0, 43915, 0, 43915, 0, 43915, 0, 43915, 0, 59725, NaN, NaN
random_RDD=1.0_TF=1.0_#55.dat, 1.0, 1.0, 55, 0, 62097, 0, 62098, 0, 62098, 0, 62098, 0, 82383, NaN, NaN
random_RDD=1.0_TF=1.0_#60.dat, 1.0, 1.0, 60, 0, 75453, 0, 75453, 0, 75454, 0, 75454, 0, 98437, NaN, NaN
random_RDD=1.0_TF=1.0_#65.dat, 1.0, 1.0, 65, 0, 60198, 0, 60198, 0, 60201, 0, 60201, 0, 86133, NaN, NaN
random_RDD=1.0_TF=1.0_#70.dat, 1.0, 1.0, 70, 0, 83272, 0, 83272, 0, 83275, 0, 83277, 0, 122066, NaN, NaN
random_RDD=1.0_TF=1.0_#75.dat, 1.0, 1.0, 75, 0, 108929, 0, 108929, 0, 108932, 0, 108936, 0, 147728, NaN, NaN
random_RDD=1.0_TF=1.0_#80.dat, 1.0, 1.0, 80, 0, 106634, 0, 106635, 0, 106635, 0, 106635, 0, 147801, NaN, NaN
